Wall time,Step,Value,Value,Value
1606424653,280,12.5,12.5,12.5
1606424653,481,13.33333302,13.33333302,13.33333302
1606424653,510,12.85714245,12.85714245,12.85714245
1606424655,1348,31.66666603,25.90909004,21.11111069
1606424655,1470,25.90909004,29.58333397,17.27272797
1606424656,1930,29.58333397,31.0714283,15.83333302
1606424656,2028,28.84615326,29.66666603,18.5714283
1606424656,2341,31.0714283,27.8125,17.33333397
1606424656,2434,29.66666603,27.94117737,18.125
1606424656,2465,27.8125,27.5,17.64705849
1606424657,2618,27.94117737,28.68420982,19.44444466
1606424657,2692,27.5,27.25,18.94736862
1606424657,3117,28.68420982,27.8571434,18
1606424658,3277,27.25,26.60000038,18.5714283
1606424658,3460,27.8571434,26.73077011,19.60000038
1606424659,3727,27.60869598,26.29032326,18.84615326
1606424659,4080,26.60000038,26.3235302,24.1935482
1606424659,4249,26.73077011,25.5714283,23.52941132
1606424661,4968,26.29032326,24.72973061,22.8571434
1606424661,5080,26.09375,26.125,24.05405426
1606424661,5198,26.21212196,28.04878044,25.25
1606424661,5321,26.3235302,28.6046505,25.12195206
1606424661,5352,25.5714283,28.63636398,24.8837204
1606424661,5454,24.72973061,29.77777863,24.31818199
1606424663,6404,26.125,30.21739197,23.77777863
1606424664,6729,28.04878044,31.875,25
1606424664,7135,28.6046505,31,25.20833397
1606424665,7206,28.63636398,30.58823586,24.20000076
1606424665,7495,29.77777863,30.92592621,24.11764717
1606424665,7744,30.21739197,32.18181992,22.9629631
1606424666,8573,31.875,31.9642849,23.09090996
1606424667,8722,31,31.57894707,22.6785717
1606424667,8755,30.58823586,31.55172348,22.45614052
1606424668,9355,30.92592621,31.47541046,23.44827652
1606424669,9957,32.18181992,30.96774101,24.75409889
1606424670,10121,31.7857151,31.71875,24.75806427
1606424671,10213,31.57894707,30.90909004,24.453125
1606424671,10258,31.20689583,30.59701538,24.31818199
1606424675,10617,30.98360634,32.20588303,24.55223846
1606424676,10787,31.12903214,31.95652199,25.0735302
1606424684,11698,32.265625,31.59722137,24.85507202
1606424689,12226,33.03030396,31.71232796,25.06944466
1606424690,12362,32.98507309,31.68918991,24.72602654
1606424691,12409,32.79411697,31.26666641,25.06756783
1606424691,12441,32.31884003,30.84415627,24.73333359
1606424693,12597,32.1428566,30.69620323,26.36363602
1606424694,12698,31.52777863,30.3125,25.69620323
1606424694,12729,31.23287582,29.58823586,25.75
1606424696,12890,30.94594574,29.2441864,25.76470566
1606424700,13393,31.86666679,29.25287437,25.6976738
1606424701,13517,31.55844116,29.26136398,26.55172348
1606424704,13871,30.88607597,29.04494476,26.36363602
1606424705,13904,30.5,28.72222137,26.74157333
1606424706,14026,30,29.21052551,26.88888931
1606424710,14467,29.64705849,28.75,27.15789413
1606424713,14857,29.7674427,29.14999962,29.25
1606424714,14920,29.5402298,29.25,29.95000076
1606424715,15056,29.65909004,29.64999962,29.95000076
1606424715,15101,29.4382019,28.79999924,29.95000076
1606424716,15152,29.22222137,29.04999924,32
1606424721,15704,28.7368412,28.75,32.65000153
1606424732,17000,29.89999962,28.95000076,32.54999924
1606424738,17651,30.45000076,28.95000076,33.04999924
1606424742,18118,31.04999924,28.85000038,32.75
1606424744,18331,30.95000076,28.64999962,32.34999847
1606424747,18621,31.25,28.45000076,32.45000076
1606424763,20385,31.29999924,29.25,31.54999924
1606424772,21453,32.95000076,29.45000076,30.64999962
1606424775,21795,32.84999847,30.04999924,30.45000076
1606424778,22058,33.65000153,29.75,30.64999962
1606424778,22083,33.34999847,30.14999962,32.90000153
1606424783,22552,33.15000153,29.89999962,32.5
1606424784,22695,33.15000153,29.10000038,32.09999847
1606424785,22847,33.25,29.29999924,32.29999924
1606424792,23574,33.54999924,28.70000076,32.40000153
1606424793,23649,33.34999847,28.39999962,33.29999924
1606424799,24302,33.45000076,27.89999962,32.5
1606424807,25213,34.04999924,28.39999962,32.5
1606424808,25271,33.54999924,28.5,32.5
1606424810,25507,32.79999924,28.10000038,33.20000076
1606424811,25588,32.20000076,27.20000076,33.5
1606424813,25808,32.09999847,27.5,33.90000153
1606424814,25844,31.29999924,27.29999924,34.09999847
1606424815,25950,30.89999962,27.20000076,33.79999924
1606424815,25985,30.5,27.60000038,33.40000153
1606424819,26432,30.39999962,26.89999962,32.40000153
1606424822,26769,30.5,26.39999962,32.34999847
1606424824,26967,29.70000076,26.20000076,32.65000153
1606424825,27055,29,26.39999962,32.75
1606424826,27150,29.20000076,25.29999924,32.75
1606424827,27260,29,25.14999962,32.15000153
1606424830,27620,29.39999962,25.04999924,32.34999847
1606424831,27686,29.10000038,25.35000038,32.34999847
1606424832,27823,28.89999962,25.54999924,31.64999962
1606424837,28285,29,25.45000076,32.70000076
1606424837,28342,28.20000076,25.35000038,32.70000076
1606424839,28526,28,25.64999962,33.40000153
1606424843,28946,28.10000038,25.35000038,33.40000153
1606424843,29048,28.29999924,25.45000076,33.20000076
1606424844,29128,28.10000038,25.64999962,32.5
1606424848,29520,29.20000076,25.45000076,32.29999924
1606424854,30136,28.75,25.64999962,31.5
1606424857,30424,29.04999924,25.64999962,31.70000076
1606424858,30605,29.54999924,24.95000076,32.09999847
1606424859,30700,29.54999924,24.64999962,31.89999962
1606424861,30858,29.75,25.35000038,33.34999847
1606424862,30939,29.85000038,26.95000076,33.54999924
1606424867,31531,30.45000076,26.79999924,31.70000076
1606424868,31659,30.04999924,26.79999924,32.09999847
1606424869,31783,30.14999962,26.79999924,32.5
1606424871,32012,30.14999962,26.60000038,32.09999847
1606424872,32058,30.14999962,25.60000038,31.60000038
1606424877,32525,30.75,25.64999962,29.85000038
1606424877,32565,30.54999924,25.35000038,30.85000038
1606424886,33584,29.75,25.95000076,30.29999924
1606424890,33942,28.39999962,26.25,30.04999924
1606424901,35149,29.5,25.95000076,29.64999962
1606424902,35212,29.29999924,25.95000076,29.85000038
1606424902,35243,28.5,26.45000076,30.25
1606424906,35627,27.5,26.35000038,30.35000038
1606424907,35689,27.29999924,25.64999962,30.54999924
1606424907,35735,26.60000038,26.14999962,30.45000076
1606424909,35904,25.85000038,26.04999924,30.54999924
1606424913,36330,25.64999962,25.85000038,30.54999924
1606424914,36422,25.14999962,26.54999924,30.64999962
1606424918,36823,25.64999962,26.35000038,30.54999924
1606424919,36904,25.64999962,26.14999962,31.04999924
1606424922,37248,25.64999962,26.95000076,30.35000038
1606424924,37422,25.54999924,26.14999962,28.10000038
1606424925,37534,25.35000038,25.85000038,27.79999924
1606424925,37630,24.95000076,27.10000038,28.10000038
1606424929,38046,25.45000076,27.20000076,29.85000038
1606424931,38150,25.45000076,26.39999962,30.14999962
1606424931,38180,25.35000038,26.39999962,29.95000076
1606424932,38247,24.85000038,26.39999962,29.35000038
1606424933,38360,24.85000038,26.39999962,29.25
1606424934,38499,24.64999962,27.5,29.14999962
1606424942,39354,24.75,27.10000038,29.75
1606424944,39564,25.04999924,27.29999924,30.14999962
1606424947,39790,25.35000038,27.29999924,30.25
1606424951,40228,25.54999924,28.10000038,30.45000076
1606424952,40321,25.75,28.79999924,30.14999962
1606424954,40544,25.35000038,29.45000076,30.45000076
1606424957,40924,25.54999924,29.64999962,30.04999924
1606424959,41048,25.54999924,29.64999962,29.64999962
1606424960,41200,25.64999962,29.54999924,29.64999962
1606424965,41731,25.64999962,29.04999924,29.54999924
1606424969,42153,25.45000076,28.95000076,28.35000038
1606424973,42514,26.14999962,28.95000076,27.75
1606424974,42603,26.14999962,28.95000076,28.25
1606424974,42634,26.14999962,30.14999962,28.25
1606424979,43165,26.35000038,29.75,28.35000038
1606424982,43435,25.75,29.95000076,29.39999962
1606424986,43799,26.04999924,30.45000076,28.29999924
1606424987,43969,24.95000076,30.14999962,28.14999962
1606424989,44101,24.79999924,30.04999924,27.89999962
1606424989,44159,24.79999924,29.95000076,28.10000038
1606424990,44237,24.5,30.04999924,28.29999924
1606424998,45067,24.60000038,29.75,28.39999962
1606425000,45202,24.89999962,28.54999924,28.39999962
1606425005,45742,25.60000038,28.5,29
1606425011,46295,26.10000038,27.89999962,30.45000076
1606425012,46416,25.89999962,27.79999924,29.5
1606425017,46928,26.45000076,27,29.89999962
1606425020,47179,26.45000076,27.70000076,31
1606425020,47208,26.54999924,28,31.85000038
1606425026,47815,27.25,27.89999962,31.70000076
1606425035,48705,28.14999962,27.5,31.60000038
1606425035,48732,28.14999962,27.70000076,31.70000076
1606425035,48759,27.45000076,27.39999962,32
1606425037,48907,27.75,27.10000038,32.20000076
1606425039,49079,27.54999924,27.60000038,31.79999924
1606425039,49111,27.54999924,27.60000038,31.79999924
1606425040,49241,27.45000076,26.70000076,32
1606425041,49291,26.45000076,27,33.09999847
1606425047,49884,26.04999924,25.89999962,32.59999847
1606425047,49979,25.95000076,26.60000038,32.29999924
1606425048,50041,25.54999924,25.89999962,33.65000153
1606425053,50553,25.85000038,25,34.04999924
1606425058,51025,25.85000038,24.75,32.84999847
1606425058,51061,25.54999924,24.85000038,32.59999847
1606425060,51219,25.54999924,25.04999924,32.09999847
1606425064,51572,26.04999924,26.14999962,31
1606425068,51973,26.29999924,25.75,30.79999924
1606425071,52267,26.10000038,25.85000038,31.5
1606425071,52297,26.10000038,26.45000076,31.60000038
1606425073,52487,26.39999962,25.64999962,33
1606425075,52735,26.79999924,25.75,33.04999924
1606425080,53159,26.29999924,26.04999924,33.09999847
1606425082,53346,26.39999962,26.04999924,32.90000153
1606425082,53408,26.29999924,25.54999924,31.89999962
1606425091,54255,26.39999962,25.64999962,31.60000038
1606425099,55112,27.89999962,26.14999962,32
1606425103,55434,28.04999924,24.95000076,31.60000038
1606425104,55565,28.39999962,25.35000038,31.70000076
1606425105,55611,28.35000038,24.89999962,31.79999924
1606425105,55662,27.85000038,25.20000076,32.29999924
1606425106,55734,27.54999924,25.29999924,31.79999924
1606425107,55839,27.54999924,25.60000038,32
1606425109,56041,27.75,25.39999962,31.89999962
1606425112,56266,27.45000076,26.79999924,32.90000153
1606425117,56787,27.25,26.60000038,33.09999847
1606425118,56906,27.35000038,26.70000076,32.40000153
1606425120,57102,27.14999962,27.5,33
1606425122,57284,27.25,27.39999962,33
1606425124,57554,27.04999924,26.79999924,32.79999924
1606425126,57658,27.04999924,26.70000076,32.90000153
1606425135,58537,27.04999924,26.89999962,32.79999924
1606425135,58611,26.45000076,26.79999924,33.09999847
1606425139,58954,26.95000076,26.79999924,33
1606425143,59376,27.75,27.10000038,31.89999962
1606425145,59537,28.29999924,26.39999962,31.75
1606425145,59611,28.35000038,26.70000076,31.10000038
1606425147,59798,28.14999962,26.20000076,30.79999924
1606425149,59907,28.04999924,26.79999924,31
1606425151,60153,28.64999962,26.89999962,30.79999924
1606425155,60536,28.85000038,27,30.85000038
1606425155,60565,27.95000076,28,30.75
1606425158,60843,28.04999924,29.60000038,29.79999924
1606425158,60872,27.75,29.5,29.64999962
1606425159,60903,27.75,30.25,29.14999962
1606425162,61198,27.25,30.14999962,31.10000038
1606425165,61523,26.54999924,30.45000076,30.89999962
1606425167,61683,26.35000038,31.04999924,31.89999962
1606425167,61749,25.5,30.64999962,31.39999962
1606425168,61788,25.29999924,31.35000038,30.89999962
1606425168,61844,25.20000076,32.34999847,31.10000038
1606425172,62191,25.10000038,32.45000076,33.45000076
1606425173,62247,25,32.84999847,33.54999924
1606425174,62368,25,32.65000153,32.54999924
1606425175,62476,25.20000076,32.75,32.75
1606425188,63742,26.60000038,33.34999847,32.59999847
1606425197,64603,27.29999924,32.95000076,33.09999847
1606425209,65839,28,32.34999847,33.40000153
1606425212,66136,28.70000076,31.95000076,34.15000153
1606425216,66454,29.29999924,31.75,34.54999924
1606425217,66550,29.10000038,31.85000038,34.84999847
1606425240,68764,31.75,31.54999924,34.75
1606425240,68802,31.14999962,31.35000038,35.90000153
1606425251,69825,32.65000153,31.95000076,35.90000153
1606425251,69854,31.95000076,31.85000038,36.09999847
1606425252,69954,31.54999924,32.75,38.65000153
1606425259,70603,33.25,32.34999847,38.65000153
1606425260,70650,32.90000153,32.90000153,38.70000076
1606425267,71385,33.09999847,32.5,38.70000076
1606425273,71897,33.45000076,32.79999924,39.29999924
1606425276,72185,34.04999924,32.59999847,41.04999924
1606425289,73409,34.54999924,32.79999924,40.90000153
1606425295,73970,33.75,32.79999924,40.70000076
1606425298,74222,33.84999847,34.20000076,41.79999924
1606425299,74305,33.90000153,34.04999924,41.65000153
1606425302,74570,33.95000076,33.75,41.75
1606425309,75219,34.20000076,34.34999847,40.54999924
1606425311,75402,34.59999847,34.25,41.65000153
1606425315,75823,34.90000153,34.54999924,42.04999924
1606425317,76011,35.09999847,34.25,41.84999847
1606425321,76301,35.40000153,33.95000076,44.90000153
1606425331,77295,36.29999924,34.45000076,47.95000076
1606425340,78087,36.90000153,35.54999924,48.45000076
1606425341,78176,36.79999924,37,52.75
1606425343,78398,36.5,38.65000153,53.54999924
1606425357,79526,38.25,37.25,55.20000076
1606425358,79606,38.40000153,38.34999847,57.25
1606425366,80308,38.34999847,38.34999847,56.65000153
1606425370,80719,38.45000076,37.25,59.20000076
1606425377,81384,38.95000076,37.59999847,64.5
1606425378,81406,39.09999847,36.79999924,65.30000305
1606425378,81426,38.65000153,37.70000076,65.19999695
1606425379,81568,38.70000076,37.34999847,64.94999695
1606425380,81639,38.70000076,38,64.09999847
1606425383,81875,38.90000153,39.45000076,65.5
1606425389,82397,38.90000153,39.59999847,70
1606425390,82510,39,39.45000076,71.5
1606425399,83336,39.70000076,40.90000153,71.5
1606425400,83382,39.70000076,41.25,72.90000153
1606425418,85029,43.04999924,41.84999847,72.25
1606425427,85804,44.20000076,41.15000153,73.65000153
1606425428,85905,44.25,41.15000153,76.65000153
1606425442,87201,46.20000076,41.04999924,78.05000305
1606425445,87436,46.15000153,41.25,77.5
1606425455,88210,50.54999924,41.45000076,78.30000305
1606425458,88465,52.34999847,41.84999847,78.40000153
1606425476,90116,53.04999924,41.75,78.69999695
1606425481,90500,54.15000153,41.79999924,78.80000305
1606425502,92290,56.29999924,42.45000076,82.09999847
1606425507,92757,54.70000076,42.84999847,82.19999695
1606425508,92837,54.59999847,43.25,81.75
1606425514,93366,55.5,44.90000153,81.34999847
1606425517,93580,54.95000076,44.59999847,81.44999695
1606425520,93854,55.75,44.90000153,82.55000305
1606425520,93882,54.95000076,46,80.90000153
1606425523,94154,53.84999847,45.90000153,80.84999847
1606425525,94268,53.65000153,45.29999924,82.25
1606425526,94385,53.84999847,45.90000153,84.09999847
1606425527,94446,53.15000153,45.70000076,84.69999695
1606425532,94957,54.54999924,46.34999847,83.90000153
1606425534,95110,53.90000153,48.84999847,84.44999695
1606425537,95357,54.65000153,48.45000076,87.30000305
1606425587,99739,55.34999847,48.84999847,87.90000153
1606425588,99829,55.45000076,49.20000076,86.40000153
1606425621,102598,57.5,50.15000153,86.84999847
1606425627,103034,58.29999924,49.75,87.55000305
1606425633,103623,58.90000153,49.15000153,86.69999695
1606425641,104236,60.25,51.09999847,89.59999847
1606425643,104399,61.29999924,51.40000153,94.09999847
1606425644,104487,61.5,55.59999847,98.80000305
1606425651,105087,62.29999924,55.59999847,97.5
1606425652,105225,62.40000153,56.09999847,97.40000153
1606425653,105261,61.90000153,56.70000076,105.4000015
1606425655,105438,61.79999924,55.90000153,106
1606425656,105552,61.40000153,57,106
1606425685,108017,62.40000153,56.5,105.5
1606425687,108172,62.09999847,60.54999924,103
1606425695,108904,63.04999924,60.09999847,105.3499985
1606425696,108979,63.29999924,60.95000076,105.3499985
1606425706,109856,64.84999847,60.75,108
1606425717,110717,66.25,61.34999847,122.5
1606425719,110914,66.30000305,61.25,118.5
1606425720,110987,66.59999847,60.84999847,118.4000015
1606425721,111094,67.5,63.95000076,118.75
1606425731,111886,67.80000305,69.80000305,119.3000031
1606425739,112579,68.65000153,72.90000153,116.8000031
1606425751,113621,70.34999847,77.90000153,116.3499985
1606425760,114305,69.69999695,77.15000153,116.1500015
1606425774,115540,70.44999695,77.19999695,116.3000031
1606425777,115747,70.05000305,77.5,113.8000031
1606425778,115845,68.65000153,77.30000305,114.1999969
1606425786,116525,69.40000153,78.30000305,116.1999969
1606425796,117370,70.80000305,81.25,114.8499985
1606425796,117392,70.94999695,80.80000305,114.4499969
1606425800,117660,71.34999847,83.80000305,109.5
1606425806,118242,77.59999847,92.84999847,107.5
1606425809,118477,78.30000305,93.05000305,108.4000015
1606425816,119054,79.34999847,93.5,110.0500031
1606425818,119223,78.34999847,109.8000031,110.1500015
1606425828,120061,80.65000153,111.5999985,110.5
1606425830,120233,79.34999847,111.5500031,109.1999969
1606425831,120264,79.05000305,110.1500015,109.0999985
1606425836,120706,79.5,110.5,108.3499985
1606425842,121188,77.94999695,112.6999969,109.0999985
1606425843,121281,77.90000153,112.75,109.3000031
1606425843,121308,77.25,113.5999985,107.0999985
1606425848,121740,77.69999695,113,106.1999969
1606425856,122444,78.90000153,113.8000031,108.3000031
1606425863,123055,78.30000305,113.3499985,107.5500031
1606425875,123948,82.69999695,113.1500015,108.1500015
1606425876,124041,82.5,113.0999985,105.0999985
1606425882,124587,81.80000305,113.4000015,105.9000015
1606425894,125569,82.59999847,113,106.9499969
1606425897,125871,82.59999847,113.0999985,107.5500031
1606425898,125961,81.5,115.25,107.3499985
1606425899,126018,81.30000305,114.6500015,106.4499969
1606425910,126906,80.90000153,118,106.4499969
1606425917,127571,80.65000153,118,105.25
1606425924,128090,83.55000305,119.1500015,105.5
1606425924,128166,84.05000305,116.6500015,114.1999969
1606425931,128733,84.94999695,115.6500015,112.3499985
1606425942,129644,86.25,116.1500015,123.6999969
1606425966,131601,91.15000153,116.75,123.8499985
1606425967,131662,91.15000153,117.4000015,123.0500031
1606425971,132013,93.94999695,117.5500031,124.9499969
1606425975,132359,96.25,117.0500031,128.6000061
1606425997,134280,101.5999985,117.4499969,129.6000061
1606425998,134341,101.8499985,119.75,130.1000061
1606426000,134517,103.8499985,117.4499969,133.8500061
1606426005,134877,103.75,117.5500031,131.3999939
1606426009,135240,103.6500015,113.1999969,125.3000031
1606426016,135837,105.8000031,113.1999969,128.8999939
1606426030,137038,105.75,112.8000031,135.8000031
1606426037,137538,105.0500031,112.9000015,143.6999969
1606426046,138265,105.0500031,113.1999969,146.5500031
1606426051,138741,103.8499985,112.0999985,141.6000061
1606426075,140784,103.5999985,110.3000031,142.3000031
1606426086,141710,110.1999969,110.1999969,142.3999939
1606426089,141989,111.9000015,109.6999969,144.1999969
1606426105,143311,114.3000031,111.3499985,141.8999939
1606426129,145379,113.75,116.4499969,142.25
1606426132,145683,114.8000031,118.25,139.6999969
1606426133,145703,114.5,113.5500031,127.4000015
1606426137,146096,115.8499985,111.1500015,121.6999969
1606426138,146186,114.1500015,107.75,121.5999985
1606426147,146851,114.8000031,104.4499969,121.6999969
1606426152,147230,115.0999985,104.75,120.5500031
1606426154,147449,114.9499969,104.25,118.3000031
1606426166,148435,112.0999985,104.5,118.5
1606426178,149512,113.6999969,104.4499969,121
1606426188,150308,113.9499969,103.3000031,128.8000031
1606426191,150548,113.9499969,103.4000015,128.8000031
1606426193,150713,114.9000015,106.75,128.5
1606426196,151002,115.1999969,110.3000031,129.1000061
1606426202,151535,116.0500031,115.3000031,138.9499969
1606426207,151890,117.0999985,106.5999985,140
1606426208,151983,117.5500031,108.1500015,140.5
1606426208,152011,116.6500015,107.3499985,143.1999969
1606426210,152178,115.25,107.6999969,143.9499969
1606426217,152758,116.4000015,95.94999695,145.1499939
1606426220,153014,116.1999969,93.25,144.1999969
1606426223,153214,109.5500031,91.15000153,138.5500031
1606426228,153687,110.1500015,91.30000305,143.1999969
1606426229,153783,109.6500015,90.15000153,142
1606426230,153818,108.5999985,104.1500015,145.6499939
1606426235,154268,109.1999969,105,147.75
1606426236,154312,107,104.5,147.8000031
1606426238,154531,107.25,102.0500031,147.6000061
1606426242,154808,107.0500031,106.3499985,148.1999969
1606426252,155663,108.8000031,107.5,147.4499969
1606426252,155701,108.6999969,109.8000031,148.1000061
1606426258,156145,109.5,120,147.8999939
1606426261,156480,113.0500031,120.4000015,149.3500061
1606426264,156679,112.5999985,121.3000031,153.6499939
1606426270,157201,112.0999985,121.3499985,153.3999939
1606426274,157582,111.0500031,122.5999985,153.4499969
1606426275,157673,108.9000015,120.3499985,152.6499939
1606426286,158537,102.6999969,120.4000015,152.4499969
1606426300,159714,108.1999969,124.4000015,153.75
1606426306,160234,107.4000015,127,157.6000061
1606426318,161234,107.25,126.5500031,158.1000061
1606426324,161730,107.75,126.25,159.1000061
1606426331,162344,107.4000015,135.3500061,158.4499969
1606426334,162533,108.3000031,137.25,149.8999939
1606426335,162677,105.25,136.8000031,149.8999939
1606426336,162780,104.9000015,137,147.8999939
1606426340,163065,104.9000015,137.25,142.3000031
1606426340,163102,104.3000031,138.8500061,138.0500031
1606426344,163397,104.1500015,138.3500061,136.5
1606426351,164056,103.0999985,137.6499939,136.6000061
1606426356,164434,101.5999985,136.6499939,133.6000061
1606426356,164470,98.40000153,137.1000061,128.1999969
1606426378,166303,96.75,137.1499939,128.3999939
1606426382,166652,96,139.1499939,126.5999985
1606426395,167764,93.55000305,139.3000031,124.4499969
1606426396,167901,90.65000153,138.75,123.5500031
1606426404,168482,88.25,139.6999969,124.5
1606426409,168899,89.55000305,139.5,125.0999985
1606426410,169006,88.94999695,141.1999969,121.9000015
1606426412,169147,87.75,139.3500061,115.6500015
1606426414,169356,87.5,139.25,108.8000031
1606426415,169429,87.44999695,137.6999969,104.6500015
1606426433,170991,87.94999695,137.5500031,103.0500031
1606426434,171064,87.59999847,136.6499939,108.25
1606426440,171536,88,128.3500061,106.6999969
1606426458,173138,89.84999847,132.1000061,113.4499969
1606426461,173366,90.30000305,130.3999939,113.3499985
1606426477,174770,90.44999695,135,113.75
1606426480,175009,88.30000305,136.6999969,115.4000015
1606426481,175071,88.30000305,137,115.8000031
1606426482,175100,86.69999695,136.8500061,116
1606426485,175366,84.30000305,137.4499969,117.1999969
1606426493,176113,82.05000305,136.9499969,117.8499985
1606426495,176221,82.09999847,137.75,118.3499985
1606426511,177642,81.94999695,138,115.75
1606426518,178191,81.90000153,138,108.8499985
1606426519,178237,82.09999847,141.5,108.6500015
1606426520,178305,81.84999847,131.6999969,106.6500015
1606426521,178413,82.05000305,130.8999939,94.84999847
1606426522,178477,81.15000153,132.6499939,92.65000153
1606426535,179576,83.19999695,132.8000031,92.05000305
1606426553,181126,82,142.5500031,91.09999847
1606426558,181537,82,149.1999969,90.40000153
1606426564,182009,86,149.5,91.84999847
1606426580,183392,87.34999847,154.4499969,91.25
1606426583,183607,87.19999695,154.9499969,91.55000305
1606426584,183728,89.75,142.5,86.44999695
1606426585,183776,89.44999695,141.8000031,85.84999847
1606426586,183905,88.34999847,148.5,84.30000305
1606426589,184088,88.55000305,148.1499939,86.05000305
1606426596,184692,89.59999847,147.4499969,84.55000305
1606426603,185276,91.15000153,145.1999969,84.5
1606426607,185615,95.15000153,146.6000061,84
1606426608,185694,94.94999695,144.6499939,84.40000153
1606426608,185749,95.25,144.5500031,82.05000305
1606426612,186105,95.84999847,143.6499939,80.80000305
1606426647,189062,109.8499985,144.6999969,77.75
1606426652,189438,113.0500031,147.6999969,76.84999847
1606426656,189760,112.3000031,144.6499939,76.25
1606426657,189839,112.8000031,148.3000031,75.94999695
1606426657,189871,109.0500031,146.3000031,85.5
1606426661,190186,108.6500015,144.8999939,85
1606426671,191041,109.9000015,145,81.25
1606426680,191780,110.5,136.1000061,81.05000305
1606426688,192441,111.9000015,134.6000061,80.65000153
1606426691,192685,112.1999969,133.8000031,80.40000153
1606426692,192759,111,134.6499939,82.15000153
1606426695,193049,105.6999969,129.8500061,82.59999847
1606426696,193131,105.1999969,131.3999939,81.19999695
1606426712,194487,107.8000031,131.5,80.09999847
1606426713,194540,106.5999985,131.8000031,80.15000153
1606426717,194952,107.5500031,133,80.80000305
1606426719,195077,107.8499985,131.5500031,92.80000305
1606426721,195216,106.75,131.3999939,95.69999695
1606426743,197124,108.4000015,131.6000061,96.30000305
1606426747,197435,110,133.4499969,101.1500015
1606426750,197718,113.3000031,133.3500061,101.0500031
1606426751,197823,114.3000031,133.9499969,100.4499969
1606426757,198286,114.5,133,98.40000153
1606426760,198507,114.4000015,132.5,97.65000153
1606426763,198789,114.4499969,131,97.80000305
1606426771,199463,116.6999969,132.1499939,97.94999695
1606426773,199692,115.9000015,132.3500061,97.80000305
1606426778,200111,116.0500031,132.6499939,98.44999695
1606426786,200767,117.4499969,133.6000061,96.25
1606426797,201648,116.9499969,133.6000061,96.25
1606426803,202146,115.5500031,137.5,97.44999695
1606426804,202234,115.3499985,148.75,90.80000305
1606426808,202608,115.5500031,141.3500061,94.05000305
1606426815,203192,115.4499969,142.5500031,94.25
1606426826,204052,113.5,142.4499969,100.1999969
1606426833,204654,114.3000031,142.25,99.90000153
1606426834,204732,111.5500031,142.1499939,101.1999969
1606426839,205099,112.4499969,143.1499939,109.1999969
1606426843,205448,112.4000015,141.1000061,108.75
1606426857,206703,112.25,137.1999969,108.8499985
1606426861,206994,111,137.5,108.9499969
1606426875,208138,116.0500031,134.8999939,111.4499969
1606426885,209049,119.5,129,110.75
1606426886,209101,120.6999969,129.5500031,112.6999969
1606426889,209321,122.9000015,129.3500061,112.6999969
1606426892,209595,124.5,127.5500031,112.5
1606426894,209778,122.3000031,125.6999969,112.4000015
1606426899,210163,122.5,114.1999969,111.3000031
1606426900,210220,122.5999985,117.0999985,110.9499969
1606426904,210573,123.75,118.6999969,110.8499985
1606426917,211704,123.3499985,115.6500015,110.9499969
1606426928,212630,127.5500031,114.0500031,113.25
1606426936,213294,134.25,109.1500015,116.75
1606426943,213835,133.25,109.9000015,119.3499985
1606426943,213866,132.5500031,108.6500015,120.0500031
1606426944,213916,127.75,101.1999969,115.1500015
1606426945,213988,126.8499985,104,114.9000015
1606426964,215649,124.1500015,104.5,113.9000015
1606426968,216013,126.0500031,106.0999985,115.1500015
1606426973,216455,135.0500031,105.8000031,116
1606426980,216987,135.6499939,104.8000031,121.5500031
1606426996,218274,136.6499939,103.4000015,122.8000031
1606426998,218500,138.3500061,104.4499969,123.5
1606427004,218973,145.4499969,105.3000031,121.8499985
1606427013,219743,145.8500061,97.84999847,124.6500015
1606427019,220258,145.8500061,98.90000153,120.9499969
1606427040,222041,146.4499969,99.30000305,120.5
1606427042,222214,147.1000061,103.8000031,124.0500031
1606427049,222821,159.9499969,104.1999969,126.5999985
1606427055,223344,161.4499969,106.0999985,124.6500015
1606427065,224152,163.75,106.5999985,124.8000031
1606427070,224574,168.75,113.3000031,125
1606427071,224686,169.6499939,112.4000015,126.3499985
1606427073,224865,173.3500061,113.1500015,127.3499985
1606427080,225463,172.8999939,112.6999969,127.0500031
1606427088,226065,173.1999969,114.1500015,126.6500015
1606427101,227145,176.5,113.4499969,127.1999969
1606427107,227661,180,112.8499985,127.9499969
1606427108,227806,180.6000061,112.8499985,116.8499985
1606427119,228703,178.6000061,111.0999985,120.75
1606427120,228799,178.6999969,110.8000031,122.3499985
1606427128,229478,179.5,110.1500015,117.3000031
1606427138,230245,180.6000061,110.1500015,117.0999985
1606427160,232139,181.1499939,109.75,116.5500031
1606427160,232171,179.3500061,111.6999969,118.25
1606427163,232390,174.25,112.8000031,118.8499985
1606427163,232424,172.75,117.6999969,118.8499985
1606427166,232667,172.3500061,115,118.0999985
1606427175,233341,173.75,104.0500031,119.8000031
1606427178,233518,173.6499939,104.4000015,124.8499985
1606427182,233933,175.0500031,106,121.4499969
1606427183,234011,172.0500031,108,122.0500031
1606427189,234456,172.25,107.6999969,122.0999985
1606427189,234521,171.3500061,109.0500031,118.8499985
1606427190,234614,169.8500061,109.3000031,119.6500015
1606427218,236854,180.5500031,108.5,121.3000031
1606427222,237206,184.4499969,107.5500031,121
1606427223,237299,183.9499969,107.6999969,117.9000015
1606427230,237914,184.8500061,109.1500015,104.25
1606427235,238332,184.6499939,108.4000015,106.25
1606427254,239898,184.8500061,109.0999985,105.25
1606427265,240867,185.4499969,109.3000031,110.0500031
1606427268,241064,186,108.4499969,109.8000031
1606427278,241984,189.3000031,108.6999969,114
1606427297,243558,188.75,108,115.0999985
1606427306,244267,189.9499969,107,116.9499969
1606427310,244662,184.9499969,106.9000015,119.0999985
1606427321,245538,180.25,111.0999985,139.1499939
1606427323,245774,180.3500061,113.9000015,139
1606427327,246019,179.25,115.3499985,139.1999969
1606427333,246547,180.0500031,115.1999969,136.8000031
1606427337,246893,179.5500031,123.0500031,135.6999969
1606427341,247275,179.25,127.5500031,130.1000061
1606427342,247325,174.3000031,123.3499985,129.5
1606427357,248624,176.3500061,130.75,127.5
1606427363,249126,178.8999939,132.6000061,126.4000015
1606427366,249305,173.3000031,132.6000061,126.6500015
1606427367,249430,174.1000061,130.9499969,126.4000015
1606427368,249485,174.3999939,129.3000031,127.4499969
1606427371,249726,176.3999939,128.6999969,125.6500015
1606427372,249816,177.8000031,122.0999985,125.8000031
1606427383,250717,179.5500031,121.9000015,126.4000015
1606427389,251215,179.3000031,121.3499985,133.1999969
1606427394,251616,183,121.1500015,131.6499939
1606427398,251974,176.1000061,125.5500031,136.6999969
1606427407,252643,174.1000061,130.75,135.3000031
1606427408,252738,167.3999939,129.8000031,132.5
1606427409,252834,165.6000061,134.6499939,132.8999939
1606427424,254129,160.5,138.5500031,124.1999969
1606427425,254148,158.3500061,137,124.0999985
1606427430,254596,162.3999939,136.9499969,124.3000031
1606427432,254807,156,142.1000061,123.6999969
1606427438,255268,141.1000061,142.6999969,122.5999985
1606427439,255302,139.8000031,143.1999969,123.5
1606427457,256905,144.5,141.4499969,122.75
1606427462,257333,142.5,141.8000031,112.25
1606427466,257667,147.3000031,142.5,112.25
1606427468,257842,144.8999939,144.5,111.3499985
1606427476,258441,143.8999939,142.6999969,111.25
1606427509,261150,143.6999969,143.3000031,112.1999969
1606427510,261237,145.1999969,143.3999939,110.4000015
1606427529,262785,160.75,139.6999969,110.4000015
1606427530,262834,158.9499969,141.8000031,108.75
1606427540,263729,167.1999969,141.8000031,107.3000031
1606427545,264143,168.0500031,138.8000031,106.5
1606427548,264391,167.5,138.5500031,101.4000015
1606427557,265127,175.1499939,136.25,101.4000015
1606427565,265808,176.1499939,135.3999939,99.09999847
1606427572,266382,177.8000031,136.3999939,99
1606427574,266536,177.8999939,135.6000061,98.80000305
1606427577,266782,177.25,147.9499969,98.09999847
1606427583,267260,185.3000031,147.3000031,97.30000305
1606427585,267464,185.25,149.8500061,96.05000305
1606427598,268550,187.1000061,154.1000061,96.25
1606427599,268654,186.6499939,154.1000061,96
1606427605,269158,185.0500031,154.3999939,98.84999847
1606427631,271180,184.8500061,156.75,99.69999695
1606427632,271315,185.0500031,157.3500061,103.4000015
1606427638,271818,185.25,156.0500031,103.4000015
1606427645,272392,186.0500031,155.5500031,100.5
1606427657,273375,192.9499969,156.1000061,100.0999985
1606427662,273765,192.6999969,151.3999939,99
1606427668,274247,192,151.25,97.44999695
1606427673,274670,192.0500031,151.1999969,98.94999695
1606427687,275910,191.1499939,151.6000061,82
1606427688,275959,189.6999969,152.1000061,81.69999695
1606427690,276165,189.3999939,152.3500061,81.30000305
1606427691,276211,188.8999939,150.75,82.19999695
1606427691,276233,187.1999969,135.5,81
1606427699,276851,182.3000031,139.1000061,81.80000305
1606427701,277047,180.8999939,133.4499969,80.94999695
1606427718,278429,185.6000061,135.0500031,82.34999847
1606427741,280413,212.8999939,139.5500031,82.34999847
1606427742,280432,213.0500031,140.1999969,87.25
1606427743,280560,215.0500031,142.5,86.75
1606427747,280914,214.75,143.1000061,85.5
1606427757,281729,215.3500061,142.3999939,84.80000305
1606427769,282746,228.75,146.8999939,84.80000305
1606427773,283047,230.9499969,148.3500061,86.40000153
1606427775,283217,228.6999969,149.5,86.65000153
1606427779,283580,227.1499939,157.6999969,87.65000153
1606427821,287036,259.75,157,88.84999847
1606427822,287114,258.8999939,157.25,82.55000305
1606427822,287140,257.5499878,138.6000061,83.25
1606427830,287818,258.5499878,141.3000031,82.15000153
1606427832,287925,254.1000061,140.8999939,81.59999847
1606427836,288255,255.1499939,141.1999969,86.25
1606427850,289415,252.6499939,146.3000031,86.05000305
1606427856,289889,253.4499969,146.3999939,86.05000305
1606427860,290201,254.5,144.8000031,86.34999847
1606427864,290598,252.0500031,144.5,85.94999695
1606427870,291082,253.3000031,144.1000061,87.09999847
1606427871,291176,253.4499969,143.1999969,88.15000153
1606427875,291499,248.6999969,143.1999969,87.25
1606427880,291838,244,143.3000031,86.84999847
1606427880,291866,241.1999969,143.5,95.40000153
1606427880,291895,241,145.3000031,95.34999847
1606427882,292009,241.1999969,144.8500061,95.84999847
1606427887,292421,233.1000061,142.25,96.44999695
1606427893,292931,230.1999969,139.1499939,96.84999847
1606427897,293315,228.6000061,140.6000061,95.5
1606427911,294371,224.5,142.9499969,95.90000153
1606427920,295138,222.9499969,142.6999969,95.59999847
1606427923,295396,221.3500061,154.6999969,95.59999847
1606427935,296446,216.8500061,157.5500031,96.30000305
1606427948,297510,220.4499969,155.25,95.80000305
1606427950,297733,204.6999969,155.5500031,95.80000305
1606427959,298358,197.6999969,152.8500061,95.09999847
1606427962,298627,196.75,149.6000061,96.44999695
1606427965,298879,196.6499939,145,94.5
1606427966,298939,189,144.1999969,94.05000305
1606427971,299410,188.1000061,143,91.55000305
1606427976,299807,185.5,144.6000061,91.44999695
1606427980,300150,185.3999939,145.5500031,89.84999847
1606427992,301079,173.6499939,156.25,88.44999695
1606427998,301636,174.8999939,162.6000061,87
1606428003,302042,173.9499969,166.3000031,87.90000153
1606428025,303762,175.6999969,164.75,86.80000305
1606428027,303866,174.5,162.8000031,82.15000153
1606428031,304246,171.3999939,162.3500061,82.15000153
1606428044,305339,173.8000031,154.3999939,80.5
1606428052,306008,180.8000031,158.4499969,75.84999847
1606428054,306197,179.8999939,158.3500061,74.55000305
1606428060,306680,176.6000061,159,74.84999847
1606428061,306737,172.1000061,158.6000061,74.94999695
1606428070,307465,174.4499969,158.3999939,74.75
1606428071,307546,174.3000031,153.3000031,74.75
1606428089,309037,175.6999969,153.3000031,74.75
1606428090,309070,174.4499969,149.1999969,71.94999695
1606428091,309192,173.0500031,142.1999969,69.69999695
1606428112,310910,190.9499969,141.8000031,68.75
1606428113,311047,192.8500061,145.8999939,63.25
1606428129,312282,195.1999969,157.6000061,63.84999847
1606428130,312366,194.6499939,157.6000061,63.84999847
1606428132,312580,190.3999939,154.5,61.65000153
1606428149,313970,164.3500061,151.9499969,60.95000076
1606428150,314005,164.1000061,150.8999939,60.65000153
1606428155,314386,162.6999969,146.25,61.79999924
1606428155,314422,162.1999969,144.3500061,62.25
1606428157,314621,162.5,144.5,55.34999847
1606428164,315148,161.8000031,144.5,55.25
1606428168,315550,150.6999969,152.6000061,55.84999847
1606428171,315797,148.8999939,153.8500061,57
1606428182,316703,150.1499939,153.1499939,57.5
1606428187,317127,152.6999969,155.5,57.59999847
1606428189,317225,139.5,151.3500061,55.15000153
1606428191,317442,139.8999939,147.3999939,50.70000076
1606428193,317600,126,146.8999939,52.09999847
1606428195,317783,113.8000031,147.1000061,52.84999847
1606428216,319536,115.6500015,141.6499939,53.59999847
1606428218,319676,114.5,141.3500061,58
1606428221,319957,114.75,144.25,58.59999847
1606428254,322606,111.3499985,144.6499939,58.65000153
1606428265,323472,111.9499969,150.0500031,60.20000076
1606428271,323957,123.1500015,151.4499969,60.20000076
1606428274,324257,123.4499969,151.8500061,60.5
1606428275,324286,123.25,149.8500061,59.90000153
1606428276,324410,122.5500031,150.6499939,61.45000076
1606428279,324619,121.9499969,150,62.04999924
1606428286,325237,122.0500031,159.6499939,66.19999695
1606428294,325939,123,162.8500061,66
1606428305,326821,124.6999969,163.1499939,66
1606428306,326856,124.5,151.1000061,65.59999847
1606428317,327813,123.0999985,155.8000031,65.69999695
1606428324,328404,124.0999985,159.6999969,66
1606428330,328972,124.4000015,158.0500031,67.40000153
1606428338,329609,126.0999985,158.5500031,68
1606428339,329710,126.1999969,160.8000031,70.40000153
1606428344,330119,131.8000031,160.3500061,70.5
1606428355,331083,131.9499969,160.5500031,69.34999847
1606428376,332877,146.0500031,160.3999939,69.34999847
1606428378,332978,148.3500061,160.3999939,68.25
1606428383,333435,156.6499939,158.8500061,69.75
1606428392,334240,172.0500031,156.6000061,69.80000305
1606428400,334828,172.5500031,149.3999939,69.05000305
1606428400,334858,172.25,143.4499969,68.75
1606428401,334928,171.8500061,136.6999969,68.90000153
1606428405,335300,174.1000061,133.3500061,71
1606428408,335539,174.5500031,135.3500061,72
1606428416,336173,175.8500061,135.1499939,96.09999847
1606428433,337661,186.8000031,134.8999939,98.34999847
1606428435,337833,176.75,134,99.55000305
1606428456,339564,180.75,133.6999969,101.75
1606428458,339717,181.3500061,133.3999939,102.9499969
1606428459,339872,177.0500031,131.3500061,104.0500031
1606428462,340063,176.0500031,141.5,103.4499969
1606428468,340617,176.9499969,143.0500031,104.8000031
1606428474,341063,172,148.3000031,105.4000015
1606428475,341098,171.8500061,154.5,106.3000031
1606428475,341126,171.6999969,163.5,106.5
1606428481,341610,171.6499939,163.6000061,107.6500015
1606428483,341827,160.9499969,163.3000031,108.25
1606428485,341981,160.4499969,175.3999939,108.8000031
1606428491,342496,154.3000031,179.6999969,108.5999985
1606428499,343134,154.25,186.6499939,111.3000031
1606428533,346001,173.6999969,189.6000061,110.9499969
1606428537,346324,176,187.75,116.1999969
1606428539,346532,178.0500031,186.6000061,115.8000031
1606428550,347441,191.3999939,186.3000031,119.0999985
1606428552,347612,195.1999969,178.1000061,118.9000015
1606428555,347903,194.6999969,178.8999939,120.1999969
1606428566,348745,196.8999939,184.6499939,117.9499969
1606428588,350556,219.8000031,185,115.5999985
1606428592,350953,226.0500031,186.1000061,115.5999985
1606428595,351140,226.6000061,185.8999939,115
1606428600,351582,227,185.8999939,118.3000031
1606428601,351657,224.75,183.5,117.5500031
1606428607,352219,223.3500061,184.0500031,118.3000031
1606428611,352540,224.6000061,184.1000061,118.4499969
1606428617,352978,228.6000061,182.9499969,118.8000031
1606428621,353323,229,183.6999969,118.5
1606428634,354434,231.5500031,184.3000031,119.5
1606428638,354757,235.5,184,123.5999985
1606428638,354806,233.8500061,184,117.75
1606428640,354974,236.1999969,186.1000061,110.1500015
1606428657,356449,240.5,200.6000061,110.1999969
1606428669,357415,243.8000031,195.3999939,110.0999985
1606428672,357625,245.5,194,117.0999985
1606428683,358607,261.75,202.25,119.5
1606428708,360711,268.2000122,191.6499939,118.3499985
1606428713,361199,272.2000122,212.5,114.6500015
1606428729,362387,262.9500122,212.8500061,115.8499985
1606428731,362565,264.75,214.1000061,116.0500031
1606428741,363438,276.1499939,219.6000061,116.8499985
1606428760,365023,290.3999939,217.3500061,116.75
1606428768,365706,292.7999878,219.1999969,116.75
1606428772,366084,293.8500061,218.8000031,116.6500015
1606428788,367401,306.6499939,214.5,115.3499985
1606428790,367582,309.3999939,215.1999969,114.6500015
1606428791,367657,310.7000122,226.0500031,113.1999969
1606428797,368169,311.1000061,225.6499939,111.75
1606428799,368301,309.1000061,232.5500031,111.1500015
1606428801,368523,302.2000122,232.8000031,112.0500031
1606428809,369164,302.8999939,235.0500031,112.8499985
1606428814,369578,302.1000061,232.9499969,112.5500031
1606428815,369661,302.1000061,233.8000031,112.25
1606428834,371269,292.1000061,234.5500031,110.4499969
1606428836,371456,292.5,233.1000061,108.5500031
1606428836,371486,289.7000122,232.1499939,107.5
1606428840,371805,285.7999878,243.5,79.15000153
1606428852,372872,276.3500061,248.6000061,77.19999695
1606428867,374101,278.3999939,241.75,76
1606428875,374739,286.5,239.1999969,75.90000153
1606428875,374767,284.1499939,230.1000061,76.09999847
1606428896,376533,289.3999939,220.8999939,75.34999847
1606428899,376845,287.7000122,226.1000061,75.65000153
1606428900,376893,281.2999878,225.8999939,74.59999847
1606428903,377142,281.2999878,216.75,74.55000305
1606428905,377322,284.7000122,247.8000031,75.84999847
1606428908,377501,287.2999878,248.8000031,75.94999695
1606428909,377607,287.2999878,254.5,73.25
1606428919,378475,283.7000122,248.75,73.09999847
1606428927,379134,281.5,248.1000061,67.25
1606428932,379581,280.3500061,245.8500061,67.65000153
1606428936,379878,279.5,244.4499969,66.30000305
1606428937,379962,279.7000122,247.5500031,64.34999847
1606428941,380281,279.7999878,247.6999969,64.34999847
1606428942,380333,279.5,246.0500031,62.95000076
1606428961,381919,284.7000122,245.9499969,63.75
1606428962,382042,285.1000061,253.8000031,63.54999924
1606428962,382065,285.5,253.6999969,64.05000305
1606428963,382166,286,249.3500061,64.90000153
1606428978,383367,289.1000061,249.8500061,62.75
1606428978,383405,289,236.75,60.75
1606428987,384155,291.7999878,236.9499969,60.04999924
1606429002,385412,289.3999939,237.1499939,54.25
1606429004,385580,282.1000061,238.9499969,53.65000153
1606429011,386141,270.1000061,235.25,57.15000153
1606429011,386180,268.8999939,232.6499939,64.84999847
1606429026,387455,270.25,231.3500061,58
1606429033,387970,269.3999939,231.1499939,55.09999847
1606429036,388255,264.4500122,217.4499969,55
1606429062,390412,246.9499969,224.0500031,53.40000153
1606429078,391771,255.3999939,225.6999969,53.59999847
1606429084,392249,249.6999969,230.1999969,53.04999924
1606429085,392337,249.1000061,227.25,54.15000153
1606429096,393264,247.6499939,226.8999939,53.65000153
1606429106,394100,245.3500061,223.25,53.75
1606429107,394168,242.8500061,236.4499969,54.04999924
1606429111,394516,240.3000031,237,53.75
1606429131,396164,244.6000061,232.6000061,53.75
1606429135,396452,240.8500061,236.9499969,53.95000076
1606429139,396805,233.75,238.3999939,53.04999924
1606429145,397322,223.8000031,233.8000031,52.15000153
1606429149,397595,223.8999939,230.8500061,52.15000153
1606429151,397829,221.6000061,228.8000031,52.34999847
1606429158,398368,217.6000061,229.4499969,52.25
1606429159,398479,213.1999969,227.5,52.54999924
1606429166,398962,211,230.5500031,53.15000153
1606429166,398979,208.9499969,252.4499969,52.29999924
1606429167,399070,200.1499939,251.8500061,52.15000153
1606429175,399774,198.4499969,256.6499939,52.04999924
1606429176,399844,184,257.3500061,52.25
1606429183,400406,184.9499969,248.1000061,52.25
1606429185,400628,184.6999969,243.1000061,53.09999847
1606429187,400741,182.1999969,242.8999939,53.29999924
1606429203,402066,167.4499969,256.7999878,52
1606429205,402264,165.1499939,258.7999878,51.70000076
1606429222,403674,179.1000061,261.7999878,52
1606429238,405009,175.3500061,262.4500122,51.90000153
1606429271,407852,179.5,250.4499969,51.59999847
1606429314,411338,189.1499939,242.1000061,52.59999847
1606429316,411502,191.75,241,53.75
1606429316,411538,191.3500061,212.0500031,53.09999847
1606429320,411868,184.6499939,210.1499939,52.59999847
1606429321,411910,180.6499939,205.3000031,49.5
1606429334,413009,178.8500061,203.3999939,49.20000076
1606429334,413051,174.4499969,195.9499969,49.09999847
1606429351,414437,187.9499969,197.1499939,49.5
1606429352,414485,187.8500061,223.6499939,49.90000153
1606429356,414829,190.3500061,221.1000061,49.5
1606429362,415378,203.8000031,223.9499969,48.5
1606429368,415886,215.25,226.8000031,47.54999924
1606429373,416306,215.9499969,230.8000031,47.5
1606429381,416991,216.6999969,224.3999939,47.09999847
1606429382,417013,216.1499939,225.6000061,47.09999847
1606429383,417078,211.3500061,225.0500031,45.90000153
1606429383,417106,210.9499969,227.5500031,46.09999847
1606429384,417211,210.5500031,233.75,46.20000076
1606429401,418690,215.75,235.8999939,46.15000153
1606429410,419425,224.5500031,234.1000061,46.54999924
1606429418,420145,229.3000031,233.8999939,46.04999924
1606429424,420567,232.75,234.1000061,45.04999924
1606429439,421855,215.75,244,44.75
1606429446,422471,222.4499969,247.1000061,36.34999847
1606429461,423806,223.75,255.5500031,29.54999924
1606429469,424395,221.4499969,256.0499878,29.54999924
1606429480,425340,214.1999969,265.8999939,27.64999962
1606429489,426093,213.1999969,275.4500122,29.35000038
1606429492,426350,208.1000061,275.9500122,29.14999962
1606429506,427553,204.1499939,273.75,29.14999962
1606429517,428464,207.1000061,275.3500061,29.35000038
1606429526,429223,210.8000031,269.5499878,29.85000038
1606429532,429747,211.6999969,255.25,29.70000076
1606429542,430562,205.3999939,254.8500061,28.79999924
1606429551,431268,206,255.1499939,28.70000076
1606429567,432601,208.25,254.0500031,28.79999924
1606429568,432742,209.8500061,250.6499939,30.04999924
1606429594,434934,219.3500061,249.8500061,33.70000076
1606429595,435078,219.4499969,249.9499969,37.40000153
1606429625,437624,255.0500031,249.9499969,38
1606429628,437833,257,249.6499939,38.29999924
1606429629,437954,257.75,244.6999969,38.29999924
1606429633,438297,260.8999939,241.1000061,38.40000153
1606429635,438439,264.2000122,239.1999969,38.59999847
1606429640,438816,264.6000061,237.9499969,38.90000153
1606429643,439118,264.6000061,238.4499969,40
1606429657,440284,268.25,240.3000031,40
1606429666,441054,276.1000061,238.3000031,38.59999847
1606429668,441269,279.2000122,237.8000031,37.40000153
1606429670,441387,280.1000061,235.1499939,38.40000153
1606429672,441511,278.2000122,197.8000031,38.90000153
1606429681,442334,278.8500061,194.8500061,39.90000153
1606429687,442846,271.6000061,191.1499939,39.70000076
1606429706,444513,275.3999939,191.9499969,39.70000076
1606429724,445945,275.7999878,192.1000061,40.40000153
1606429726,446091,270.3500061,201.75,42.75
1606429731,446511,269.3999939,203.4499969,42.45000076
1606429733,446744,266.6499939,204.5500031,44.79999924
1606429749,448081,270.6499939,204.0500031,47.79999924
1606429755,448645,278.4500122,188.75,47
1606429763,449302,273.8500061,186.25,47.20000076
1606429765,449467,264.7999878,185.1000061,47.34999847
1606429767,449621,264,186.75,48.59999847
1606429774,450172,263.7999878,185.75,48.70000076
1606429779,450612,264.2000122,186.25,50.20000076
1606429784,451005,266.3999939,187.3000031,51.40000153
1606429792,451691,264.6000061,187.4499969,53.59999847
1606429797,452130,265,187.8000031,54.59999847
1606429849,456622,269.4500122,186.6999969,54.29999924
1606429851,456830,271.1499939,182.3000031,54.20000076
1606429868,458219,278.1000061,181.6000061,56.65000153
1606429876,458897,283.4500122,181,56.45000076
1606429881,459308,282.8500061,181.3000031,57.25
1606429901,461026,260.3500061,178.8000031,57.15000153
1606429903,461198,261.5499878,178.0500031,57.34999847
1606429912,461963,266.9500122,169.25,57.54999924
1606429927,463186,269.4500122,154.8000031,57.65000153
1606429940,464350,261.3999939,154.8500061,58.04999924
1606429966,466462,258.5,152.8500061,57.95000076
1606429975,467258,257.25,150.3500061,58.25
1606429994,468893,264.7999878,146.1499939,58.84999847
1606430004,469781,269.6000061,145.6000061,59.34999847
1606430020,471160,291.1000061,144.3000031,60.34999847
1606430023,471407,294.7000122,143.8000031,60.54999924
1606430031,472069,295.1000061,135.25,61.79999924
1606430057,474099,300.8999939,134.5500031,61.95000076
1606430065,474779,309,135.0500031,62.20000076
1606430070,475191,312.7999878,132.75,64.5
1606430080,476052,324.5,127.0500031,64.34999847
1606430080,476085,323.2999878,123.0999985,64.30000305
1606430098,477569,327.2999878,120.1500015,64.5
1606430101,477892,327.7999878,112.3000031,65.59999847
1606430107,478324,327.7000122,99.25,65.80000305
1606430113,478844,328.3500061,92.05000305,65.69999695
1606430115,478995,326.3999939,90.59999847,65.69999695
1606430117,479130,322.8999939,90.84999847,63.90000153
1606430132,480474,319.1499939,89,63.5
1606430148,481790,327.0499878,84.59999847,63.79999924
1606430150,481966,327.0499878,85,63.90000153
1606430165,483202,330.6499939,83.09999847,66.65000153
1606430194,485712,350,83.59999847,72.40000153
1606430201,486324,361.5499878,84.65000153,73
1606430205,486659,329.0499878,86.80000305,72.40000153
1606430207,486813,328.75,87.90000153,72.09999847
1606430209,486992,327.25,88.34999847,74.34999847
1606430211,487159,324.25,87.09999847,75.09999847
1606430213,487270,323.4500122,87.30000305,76
1606430235,489226,331.25,86.94999695,78.40000153
1606430240,489633,336.0499878,98.65000153,78.40000153
1606430245,490117,339.2999878,110.9499969,84.55000305
1606430251,490569,338.5499878,111.0500031,81.5
1606430264,491628,348.5499878,112.3000031,77.90000153
1606430280,492989,354.9500122,119.5,77.30000305
1606430288,493682,360.9500122,119.5999985,77.09999847
1606430289,493764,361.3500061,118.1999969,77.59999847
1606430291,493931,349.9500122,118.25,80.30000305
1606430291,493990,349.4500122,118.9000015,80
1606430296,494333,349.25,120,78.84999847
1606430308,495267,349.2000122,125.5999985,78.94999695
1606430314,495846,350.3999939,126.8000031,80.25
1606430315,495864,350.0499878,131.5,80.55000305
1606430315,495884,345.8500061,131.3500061,79.25
1606430316,495987,339.2000122,123.4000015,79.65000153
1606430321,496399,331.1000061,121.6999969,79.65000153
1606430334,497525,333.2000122,120.9000015,79.65000153
1606430341,498129,341.3999939,129.5,78.84999847
1606430360,499611,351.3500061,130.8999939,78.34999847
